Company,Role,Country,Level
IBM,Technology Seller - Entry Level Sales Program 2027,Canada             	      ,Entry Level
IBM,Entry Level Brand Technical Specialist (incl. Assignment in Valencia) (f/m/x),Austria             	      ,Entry Level
IBM,Solution Architect - Entry Level Sales Program 2027,Canada             	      ,Entry Level
IBM,Threat Hunter - IBM CISO,US,Entry Level
IBM,Entry Level Product Manager 2027 - LOWELL,US,Entry Level
IBM,Technical Engineering Seller - Entry Level Sales Program 2027,Multiple Cities,Entry Level
IBM,"Entry level Backend Developer - San Jose, CA - 2027",US,Entry Level
IBM,Solution Architect - Entry Level Sales Program 2027,US,Entry Level
IBM,Associate Quantum Hardware Assembly R&D Engineer,US,Entry Level
IBM,Associate Application Developer - Oracle - 2027,US,Entry Level
IBM,Associate Application Consultant-AWS Cloud (DevOps),Singapore             	      ,Entry Level
IBM,Entry Level QA/Test Developer-Tucson-AZ,US,Entry Level
IBM,Recruiter – Technology Hiring,US,Entry Level
IBM,Technical Support - Hardware and Software Products ELH - 2027,US,Entry Level
IBM,2026 Intern Conversion - Canada,Multiple Cities,Entry Level
IBM,Entry Level Software Developer 2027,Canada             	      ,Entry Level
IBM,Entry Level Software Developer 2027 - DURHAM,US,Entry Level
IBM,"Entry Level Cloud Infrastructure Network Monitoring and Automation Software Engineer - San Jose, CA - 2027",US,Entry Level
IBM,Entry Level Hardware Developer 2027 -New York,Multiple Cities,Entry Level
IBM,IBMi Delivery Consultant,US,Entry Level
IBM,Integration Strategy Consultant – 2027 Full Time ELH,US,Entry Level
IBM,Client Service Manager ELH - Austin 2027,US,Entry Level
IBM,"Entry Level Technical Product Manager - Austin, TX - 2027",US,Entry Level
IBM,"Entry Level Hardware Developer 2027 -Poughkeepsie, NY",US,Entry Level
IBM,Technology Lifecycle Services Renewals Sales Specialist - Entry Level Sales Program 2027,Canada             	      ,Entry Level
IBM,"Entry level Hardware Developer - Rochester, MN - 2027",US,Entry Level
IBM,Graduate/Associate Experience Consultant-Customer & Experience Transformation,Australia,Entry Level
IBM,Associate Designer-User Experience Design,Thailand             	      ,Entry Level
IBM,Technology Seller – Entry Level Sales Program 2027,Multiple Cities,Entry Level
IBM,Associate Finance Specialist (SAP) – 2027,US,Entry Level
IBM,Threat Hunter - IBM CISO,US,Entry Level
IBM,Entry Level Brand Technical Specialist (incl. Assignment in Valencia) (f/m/x),Austria             	      ,Entry Level
IBM,"Entry level Backend Developer - San Jose, CA - 2027",US,Entry Level
IBM,Entry Level Product Manager 2027 - LOWELL,US,Entry Level
IBM,Technology Seller - Entry Level Sales Program 2027,Canada             	      ,Entry Level
IBM,Solution Architect - Entry Level Sales Program 2027,Canada             	      ,Entry Level
IBM,Technical Engineering Seller - Entry Level Sales Program 2027,Multiple Cities,Entry Level
IBM,Entry Level Software Developer 2027,Canada             	      ,Entry Level
IBM,Recruiter – Technology Hiring,US,Entry Level
IBM,Technical Support - Hardware and Software Products ELH - 2027,US,Entry Level
IBM,Associate Quantum Hardware Assembly R&D Engineer,US,Entry Level
IBM,Associate Application Developer - Oracle - 2027,US,Entry Level
IBM,Entry Level QA/Test Developer-Tucson-AZ,US,Entry Level
IBM,Solution Architect - Entry Level Sales Program 2027,US,Entry Level
IBM,Associate Application Consultant-AWS Cloud (DevOps),Singapore             	      ,Entry Level
IBM,2026 Intern Conversion - Canada,Multiple Cities,Entry Level
IBM,Entry Level Software Developer 2027 - DURHAM,US,Entry Level
IBM,"Entry Level Cloud Infrastructure Network Monitoring and Automation Software Engineer - San Jose, CA - 2027",US,Entry Level
IBM,Integration Strategy Consultant – 2027 Full Time ELH,US,Entry Level
IBM,Technology Lifecycle Services Renewals Sales Specialist - Entry Level Sales Program 2027,Canada             	      ,Entry Level
IBM,IBMi Delivery Consultant,US,Entry Level
IBM,"Entry Level Technical Product Manager - Austin, TX - 2027",US,Entry Level
IBM,Entry Level Hardware Developer 2027 -New York,Multiple Cities,Entry Level
IBM,Client Service Manager ELH - Austin 2027,US,Entry Level
IBM,"Entry Level Hardware Developer 2027 -Poughkeepsie, NY",US,Entry Level
IBM,"Entry level Hardware Developer - Rochester, MN - 2027",US,Entry Level
IBM,Graduate/Associate Experience Consultant-Customer & Experience Transformation,Australia,Entry Level
IBM,Associate Designer-User Experience Design,Thailand             	      ,Entry Level
IBM,Technology Seller – Entry Level Sales Program 2027,Multiple Cities,Entry Level
IBM,Associate Finance Specialist (SAP) – 2027,US,Entry Level
IBM,Technology Seller - Entry Level Sales Program 2027,Canada             	      ,Entry Level
IBM,Entry Level Brand Technical Specialist (incl. Assignment in Valencia) (f/m/x),Austria             	      ,Entry Level
IBM,Solution Architect - Entry Level Sales Program 2027,Canada             	      ,Entry Level
IBM,Threat Hunter - IBM CISO,US,Entry Level
IBM,Entry Level Product Manager 2027 - LOWELL,US,Entry Level
IBM,Technical Engineering Seller - Entry Level Sales Program 2027,Multiple Cities,Entry Level
IBM,"Entry level Backend Developer - San Jose, CA - 2027",US,Entry Level
IBM,Solution Architect - Entry Level Sales Program 2027,US,Entry Level
IBM,Associate Quantum Hardware Assembly R&D Engineer,US,Entry Level
IBM,Associate Application Developer - Oracle - 2027,US,Entry Level
IBM,Associate Application Consultant-AWS Cloud (DevOps),Singapore             	      ,Entry Level
IBM,Entry Level QA/Test Developer-Tucson-AZ,US,Entry Level
IBM,Recruiter – Technology Hiring,US,Entry Level
IBM,Technical Support - Hardware and Software Products ELH - 2027,US,Entry Level
IBM,2026 Intern Conversion - Canada,Multiple Cities,Entry Level
IBM,Entry Level Software Developer 2027,Canada             	      ,Entry Level
IBM,Entry Level Software Developer 2027 - DURHAM,US,Entry Level
IBM,"Entry Level Cloud Infrastructure Network Monitoring and Automation Software Engineer - San Jose, CA - 2027",US,Entry Level
IBM,Entry Level Hardware Developer 2027 -New York,Multiple Cities,Entry Level
IBM,IBMi Delivery Consultant,US,Entry Level
IBM,Integration Strategy Consultant – 2027 Full Time ELH,US,Entry Level
IBM,Client Service Manager ELH - Austin 2027,US,Entry Level
IBM,"Entry Level Technical Product Manager - Austin, TX - 2027",US,Entry Level
IBM,"Entry Level Hardware Developer 2027 -Poughkeepsie, NY",US,Entry Level
IBM,Technology Lifecycle Services Renewals Sales Specialist - Entry Level Sales Program 2027,Canada             	      ,Entry Level
IBM,"Entry level Hardware Developer - Rochester, MN - 2027",US,Entry Level
IBM,Graduate/Associate Experience Consultant-Customer & Experience Transformation,Australia,Entry Level
IBM,Associate Designer-User Experience Design,Thailand             	      ,Entry Level
IBM,Technology Seller – Entry Level Sales Program 2027,Multiple Cities,Entry Level
IBM,Associate Finance Specialist (SAP) – 2027,US,Entry Level
IBM,Threat Hunter - IBM CISO,US,Entry Level
IBM,Entry Level Brand Technical Specialist (incl. Assignment in Valencia) (f/m/x),Austria             	      ,Entry Level
IBM,"Entry level Backend Developer - San Jose, CA - 2027",US,Entry Level
IBM,Entry Level Product Manager 2027 - LOWELL,US,Entry Level
IBM,Technology Seller - Entry Level Sales Program 2027,Canada             	      ,Entry Level
IBM,Solution Architect - Entry Level Sales Program 2027,Canada             	      ,Entry Level
IBM,Technical Engineering Seller - Entry Level Sales Program 2027,Multiple Cities,Entry Level
IBM,Entry Level Software Developer 2027,Canada             	      ,Entry Level
IBM,Recruiter – Technology Hiring,US,Entry Level
IBM,Technical Support - Hardware and Software Products ELH - 2027,US,Entry Level
IBM,Associate Quantum Hardware Assembly R&D Engineer,US,Entry Level
IBM,Associate Application Developer - Oracle - 2027,US,Entry Level
IBM,Entry Level QA/Test Developer-Tucson-AZ,US,Entry Level
IBM,Solution Architect - Entry Level Sales Program 2027,US,Entry Level
IBM,Associate Application Consultant-AWS Cloud (DevOps),Singapore             	      ,Entry Level
IBM,2026 Intern Conversion - Canada,Multiple Cities,Entry Level
IBM,Entry Level Software Developer 2027 - DURHAM,US,Entry Level
IBM,"Entry Level Cloud Infrastructure Network Monitoring and Automation Software Engineer - San Jose, CA - 2027",US,Entry Level
IBM,Integration Strategy Consultant – 2027 Full Time ELH,US,Entry Level
IBM,Technology Lifecycle Services Renewals Sales Specialist - Entry Level Sales Program 2027,Canada             	      ,Entry Level
IBM,IBMi Delivery Consultant,US,Entry Level
IBM,"Entry Level Technical Product Manager - Austin, TX - 2027",US,Entry Level
IBM,Entry Level Hardware Developer 2027 -New York,Multiple Cities,Entry Level
IBM,Client Service Manager ELH - Austin 2027,US,Entry Level
IBM,"Entry Level Hardware Developer 2027 -Poughkeepsie, NY",US,Entry Level
IBM,"Entry level Hardware Developer - Rochester, MN - 2027",US,Entry Level
IBM,Graduate/Associate Experience Consultant-Customer & Experience Transformation,Australia,Entry Level
IBM,Associate Designer-User Experience Design,Thailand             	      ,Entry Level
IBM,Technology Seller – Entry Level Sales Program 2027,Multiple Cities,Entry Level
IBM,Associate Finance Specialist (SAP) – 2027,US,Entry Level
Accenture,"B2B Sales Transformation Manager/Senior Manager | Comms, Media, & Technology",Various locations,Senior Level
Accenture,"Accenture Construct – Labor Compliance Manager, ANS",Various locations,Senior Level
Accenture,Salesforce Data Cloud & AI Architect Senior Manager,Various locations,Senior Level
Accenture,SaaS (Zuora) Billing and Payments Implementation Manager,Various locations,Senior Level
Accenture,"Accenture Construct – Civil Engineer, ANS","Los Angeles, CA",Senior Level
Accenture,ArcGIS Utility Network Solution Architect,Various locations,Senior Level
Accenture,"Technology Strategy Manager/Sr Manager, Resources (Energy, Utilities)",Various locations,Senior Level
Accenture,Investment Banking Manager,Various locations,Mid-Level
Accenture,"Technology Strategy Manager/Sr Manager, Financial Services",Various locations,Senior Level
Accenture,"B2B Sales Transformation Manager/Senior Manager | Comms, Media, & Technology",Various locations,Senior Level
Accenture,"Accenture Construct – Labor Compliance Manager, ANS",Various locations,Senior Level
Accenture,Salesforce Data Cloud & AI Architect Senior Manager,Various locations,Senior Level
Accenture,SaaS (Zuora) Billing and Payments Implementation Manager,Various locations,Senior Level
Accenture,"Accenture Construct – Civil Engineer, ANS","Los Angeles, CA",Senior Level
Accenture,ArcGIS Utility Network Solution Architect,Various locations,Senior Level
Accenture,"Technology Strategy Manager/Sr Manager, Resources (Energy, Utilities)",Various locations,Senior Level
Accenture,Investment Banking Manager,Various locations,Mid-Level
Accenture,"Technology Strategy Manager/Sr Manager, Financial Services",Various locations,Senior Level
Accenture,"B2B Sales Transformation Manager/Senior Manager | Comms, Media, & Technology",Various locations,Senior Level
Accenture,"Accenture Construct – Labor Compliance Manager, ANS",Various locations,Senior Level
Accenture,Salesforce Data Cloud & AI Architect Senior Manager,Various locations,Senior Level
Accenture,SaaS (Zuora) Billing and Payments Implementation Manager,Various locations,Senior Level
Accenture,"Accenture Construct – Civil Engineer, ANS","Los Angeles, CA",Senior Level
Accenture,ArcGIS Utility Network Solution Architect,Various locations,Senior Level
Accenture,"Technology Strategy Manager/Sr Manager, Resources (Energy, Utilities)",Various locations,Senior Level
Accenture,Investment Banking Manager,Various locations,Mid-Level
Accenture,"Technology Strategy Manager/Sr Manager, Financial Services",Various locations,Senior Level
Accenture,"B2B Sales Transformation Manager/Senior Manager | Comms, Media, & Technology",Various locations,Senior Level
Accenture,"Accenture Construct – Labor Compliance Manager, ANS",Various locations,Senior Level
Accenture,Salesforce Data Cloud & AI Architect Senior Manager,Various locations,Senior Level
Accenture,SaaS (Zuora) Billing and Payments Implementation Manager,Various locations,Senior Level
Accenture,"Accenture Construct – Civil Engineer, ANS","Los Angeles, CA",Senior Level
Accenture,ArcGIS Utility Network Solution Architect,Various locations,Senior Level
Accenture,"Technology Strategy Manager/Sr Manager, Resources (Energy, Utilities)",Various locations,Senior Level
Accenture,Investment Banking Manager,Various locations,Mid-Level
Accenture,"Technology Strategy Manager/Sr Manager, Financial Services",Various locations,Senior Level
